ID,FullName,Dept,EmailAddress
1,John Doe,IT,john.doe@example.com
2,Jane Smith,HR,jane.smith@example.com
3,Alice Jones,Marketing,alice.jones@example.com
4,Bob Brown,IT,bob.brown@example.com
6,Name_6,Sales,email_6@example.com
7,Name_7,Marketing,email_7@example.com
8,Name_8,Marketing,email_8@example.com
9,Name_9,IT,email_9@example.com
10,Name_10,HR,email_10@example.com
11,Name_11,Sales,email_11@example.com
12,Name_12,HR,email_12@example.com
13,Name_13,IT,email_13@example.com
14,Name_14,Sales,email_14@example.com
15,Name_15,Marketing,email_15@example.com
16,Name_16,IT,email_16@example.com
17,Name_17,IT,email_17@example.com
18,Name_18,Sales,email_18@example.com
19,Name_19,Sales,email_19@example.com
20,Name_20,Marketing,email_20@example.com
